{
  "drive": {
    "p": 0.0020645,
    "i": 0,
    "d": 0,
    "f": 0,
    "iz": 0
  },
  "angle": {
    "p": 30.1020645,
    "i": 0,
    "d": 0,
    "f": 2,
    "iz": 0
  }
}